{
  "results": [
    {
      "command": "/Users/jennings/Packages/lua-5.4.3/src/lua ./lpeg/kjv-lpeg.lua run captureAll longword 100",
      "mean": 6.3141115697,
      "stddev": 0.011365575698245759,
      "median": 6.3105229157,
      "user": 6.29626832,
      "system": 0.011549539999999999,
      "min": 6.3038159432,
      "max": 6.336479580200001,
      "times": [
        6.3117947542,
        6.3046146572,
        6.3084427052,
        6.3319384852,
        6.3092510772,
        6.3169304812,
        6.3038159432,
        6.3124858032,
        6.3053622102,
        6.336479580200001
      ],
      "exit_codes": [
        0,
        0,
        0,
        0,
        0,
        0,
        0,
        0,
        0,
        0
      ]
    },
    {
      "command": "./libpexl/kjv-libpexl run captureAll longword 100",
      "mean": 5.9194588346,
      "stddev": 0.0075862279510262596,
      "median": 5.9209250377,
      "user": 5.90754562,
      "system": 0.007777139999999999,
      "min": 5.9052951732,
      "max": 5.9316550372000005,
      "times": [
        5.9222706052000005,
        5.9250630692,
        5.9135520982,
        5.9195794702,
        5.9242492142000005,
        5.9316550372000005,
        5.923054484200001,
        5.917898510200001,
        5.9052951732,
        5.9119706842
      ],
      "exit_codes": [
        0,
        0,
        0,
        0,
        0,
        0,
        0,
        0,
        0,
        0
      ]
    },
    {
      "command": "./librosie/kjv-librosie run captureAll longword 100",
      "mean": 7.520691053,
      "stddev": 0.08437868775237269,
      "median": 7.4804223782,
      "user": 7.496753919999999,
      "system": 0.018350239999999997,
      "min": 7.4551262722,
      "max": 7.6524758372,
      "times": [
        7.6524758372,
        7.4551262722,
        7.632834289200001,
        7.491596347200001,
        7.4614876492,
        7.494294619200001,
        7.4564848402,
        7.4553911482,
        7.4692484092,
        7.6379711182
      ],
      "exit_codes": [
        0,
        0,
        0,
        0,
        0,
        0,
        0,
        0,
        0,
        0
      ]
    }
  ]
}
