{
  "results": [
    {
      "command": "/Users/jennings/Packages/lua-5.4.3/src/lua ./lpeg/kjv-lpeg.lua run captureAll abram 100",
      "mean": 7.353293889300001,
      "stddev": 0.2961778730211484,
      "median": 7.2383766816,
      "user": 7.325984799999999,
      "system": 0.014329,
      "min": 7.2265222901,
      "max": 8.1857560421,
      "times": [
        7.2368829771,
        7.2265222901,
        7.3299329251,
        7.3606123121,
        7.2584565381,
        8.1857560421,
        7.2336865751,
        7.2398703861,
        7.2284829901,
        7.2327358571
      ],
      "exit_codes": [
        0,
        0,
        0,
        0,
        0,
        0,
        0,
        0,
        0,
        0
      ]
    },
    {
      "command": "./libpexl/kjv-libpexl run captureAll abram 100",
      "mean": 6.702213963999999,
      "stddev": 0.05044224146228284,
      "median": 6.6880268236,
      "user": 6.690049999999999,
      "system": 0.007358999999999999,
      "min": 6.6573685241,
      "max": 6.8307663090999995,
      "times": [
        6.6892343661,
        6.6632397271,
        6.6666716321,
        6.6868192811,
        6.6866158501,
        6.8307663090999995,
        6.6573685241,
        6.7052386561,
        6.7325586211,
        6.7036266731
      ],
      "exit_codes": [
        0,
        0,
        0,
        0,
        0,
        0,
        0,
        0,
        0,
        0
      ]
    },
    {
      "command": "./librosie/kjv-librosie run captureAll abram 100",
      "mean": 8.375991863600001,
      "stddev": 0.014231158465060683,
      "median": 8.3700492231,
      "user": 8.353026599999998,
      "system": 0.017785999999999996,
      "min": 8.3624702461,
      "max": 8.4025119981,
      "times": [
        8.3751230241,
        8.3931200591,
        8.366714804099999,
        8.3906817211,
        8.4025119981,
        8.3681197781,
        8.3719786681,
        8.3633881791,
        8.3624702461,
        8.3658101581
      ],
      "exit_codes": [
        0,
        0,
        0,
        0,
        0,
        0,
        0,
        0,
        0,
        0
      ]
    }
  ]
}
