{
  "results": [
    {
      "command": "/Users/jennings/Packages/lua-5.4.3/src/lua ./lpeg/kjv-lpeg.lua run captureAll tubalcain 100",
      "mean": 2.1366446244799997,
      "stddev": 0.002257675336392894,
      "median": 2.1366857150800005,
      "user": 2.1223398399999995,
      "system": 0.010430640000000001,
      "min": 2.13189494208,
      "max": 2.14061850008,
      "times": [
        2.14061850008,
        2.13803277508,
        2.1368988090800003,
        2.1364726210800002,
        2.13536383508,
        2.13189494208,
        2.1356299730800004,
        2.13633193608,
        2.1369295260800003,
        2.1382733270800003
      ],
      "exit_codes": [
        0,
        0,
        0,
        0,
        0,
        0,
        0,
        0,
        0,
        0
      ]
    },
    {
      "command": "./libpexl/kjv-libpexl run captureAll tubalcain 100",
      "mean": 2.2881599443799994,
      "stddev": 0.0027145274142205953,
      "median": 2.28931758508,
      "user": 2.2763779399999997,
      "system": 0.00805274,
      "min": 2.28466469508,
      "max": 2.2926066780800003,
      "times": [
        2.28540298808,
        2.2896374720800003,
        2.2901449900800004,
        2.28573868908,
        2.2895369640800003,
        2.28970401708,
        2.28466469508,
        2.2890982060800003,
        2.2926066780800003,
        2.28506474408
      ],
      "exit_codes": [
        0,
        0,
        0,
        0,
        0,
        0,
        0,
        0,
        0,
        0
      ]
    },
    {
      "command": "./librosie/kjv-librosie run captureAll tubalcain 100",
      "mean": 2.86805894028,
      "stddev": 0.014184229663676473,
      "median": 2.86844018308,
      "user": 2.8454098399999994,
      "system": 0.01716334,
      "min": 2.8499638110800003,
      "max": 2.89304506808,
      "times": [
        2.8499638110800003,
        2.8847621140800004,
        2.89304506808,
        2.8566683860800004,
        2.8520920160800003,
        2.86851682608,
        2.8683635400800003,
        2.8754877220800004,
        2.87390768208,
        2.8577822370800003
      ],
      "exit_codes": [
        0,
        0,
        0,
        0,
        0,
        0,
        0,
        0,
        0,
        0
      ]
    }
  ]
}
