{
  "results": [
    {
      "command": "/Users/jennings/Packages/lua-5.4.3/src/lua ./lpeg/kjv-lpeg.lua run captureAll abram 100",
      "mean": 7.4187761221100015,
      "stddev": 0.2958921157134252,
      "median": 7.3176454245,
      "user": 7.36953823,
      "system": 0.01853362,
      "min": 7.2711895365000005,
      "max": 9.0855059895,
      "times": [
        7.3389924875000005,
        7.4262878565,
        7.4666459435000005,
        7.3073941195000005,
        7.314018416500001,
        7.293198102500001,
        7.2942676205,
        7.4254365275000005,
        7.2712156035,
        7.2817518595,
        7.3347152665,
        7.3253499255,
        7.3094307085,
        8.255823250499999,
        7.3153227725,
        7.3006248845,
        7.2893478515000005,
        7.2829893595,
        7.3181845455,
        7.3082420615000006,
        7.279994293500001,
        7.299908423500001,
        7.3188439245,
        7.3145377275,
        7.2711895365000005,
        7.2974000855000005,
        7.4565670055,
        7.5421542025,
        7.311649008500001,
        7.3332951205,
        7.5512414275,
        7.8940846625,
        7.7367337355000005,
        7.3579085095000005,
        7.381908413500001,
        7.2903867225,
        8.2441317375,
        7.2949687625,
        7.310883572500001,
        7.4548627405,
        7.324211522500001,
        7.277491240500001,
        7.338022001500001,
        7.279806890500001,
        7.2881828155,
        8.2340225205,
        7.3514658705,
        7.3661280045,
        7.3024855435000005,
        7.298448141500001,
        7.3381167635,
        7.3078840055,
        7.3145638575000005,
        7.3242534935000005,
        7.3152020995,
        7.287287092500001,
        7.301406274500001,
        7.3019714955,
        7.3343987295,
        8.2569328665,
        7.2765633335,
        7.2944999755,
        7.3208325765,
        7.3325939255,
        7.4231372195,
        7.3331535485,
        7.3171063035,
        7.3220080845,
        7.3067341115,
        7.2785955065,
        7.3394175585,
        7.3437588775,
        7.289446889500001,
        7.3073452055,
        7.280703288500001,
        7.3897609515000005,
        7.296294604500001,
        7.5233237785,
        7.3326712525,
        8.403589173499999,
        9.0855059895,
        7.7495571055,
        7.3666321765000005,
        7.3084924005000005,
        7.2785430965,
        7.3188915625,
        7.3117037155,
        7.3350579675,
        7.5235136225,
        7.293464231500001,
        7.3090594085000005,
        7.329277864500001,
        8.263310430499999,
        7.3298524155,
        7.3002524765,
        7.3266689055,
        7.2835365105,
        7.2893744785,
        7.3184609345,
        7.300750749500001
      ],
      "exit_codes": [
        0,
        0,
        0,
        0,
        0,
        0,
        0,
        0,
        0,
        0,
        0,
        0,
        0,
        0,
        0,
        0,
        0,
        0,
        0,
        0,
        0,
        0,
        0,
        0,
        0,
        0,
        0,
        0,
        0,
        0,
        0,
        0,
        0,
        0,
        0,
        0,
        0,
        0,
        0,
        0,
        0,
        0,
        0,
        0,
        0,
        0,
        0,
        0,
        0,
        0,
        0,
        0,
        0,
        0,
        0,
        0,
        0,
        0,
        0,
        0,
        0,
        0,
        0,
        0,
        0,
        0,
        0,
        0,
        0,
        0,
        0,
        0,
        0,
        0,
        0,
        0,
        0,
        0,
        0,
        0,
        0,
        0,
        0,
        0,
        0,
        0,
        0,
        0,
        0,
        0,
        0,
        0,
        0,
        0,
        0,
        0,
        0,
        0,
        0,
        0
      ]
    },
    {
      "command": "./libpexl/kjv-libpexl run captureAll abram 100",
      "mean": 6.876041601299997,
      "stddev": 0.27993303004597864,
      "median": 6.785733328000001,
      "user": 6.8464331799999965,
      "system": 0.012644470000000005,
      "min": 6.6992293275,
      "max": 7.859913550500001,
      "times": [
        6.8140818325,
        6.7584084955,
        6.8120077075,
        7.2657163845,
        7.5530677465,
        7.7857491705,
        7.859913550500001,
        7.7792514955000005,
        7.8489659645000005,
        7.7110036525000005,
        7.8351278385,
        7.8521305315,
        6.9696777755,
        6.8711428605,
        6.7828127585,
        6.783200974500001,
        6.7121969115,
        6.7950895065,
        6.7682569285000005,
        6.8040648715000005,
        6.733390578500001,
        6.7704386445,
        6.716955013500001,
        6.7435721585,
        6.8365128325,
        6.7242635465000005,
        6.7491708895,
        6.7845987905000005,
        7.0496330015,
        6.815538757500001,
        6.7774259875,
        6.746106747500001,
        6.802654346500001,
        6.7276192715,
        7.0583622975,
        6.7797588405,
        6.751692971500001,
        6.8574341025,
        6.6992293275,
        6.7756721715,
        6.7996327415,
        6.8352412185,
        6.891574295500001,
        6.7169083345,
        6.7595031755,
        6.8046536385000005,
        6.814594098500001,
        6.8182055985000005,
        6.767873256500001,
        6.8069022615,
        6.761949034500001,
        6.7257621895,
        6.7354319005,
        6.7332325995,
        6.8212903445,
        6.7933828185000005,
        6.812118043500001,
        6.7582454705,
        6.7688133505,
        6.8105963295,
        6.7188309005,
        6.7373697185,
        6.8018152635,
        6.7812127205,
        6.7694852125,
        6.784001171500001,
        6.7017941455,
        6.8054160985,
        6.809282721500001,
        6.8982160305,
        6.8109190785000004,
        6.7201944105,
        6.7771579175,
        6.8089287345,
        6.7312391395,
        6.756822956500001,
        6.791371924500001,
        6.758382060500001,
        6.7553614365,
        6.7745264635,
        6.8219176165,
        6.7549144515,
        6.8542191275,
        6.8415756915,
        6.7868678655000005,
        6.9772372655,
        6.7417051765,
        6.7298042145000005,
        6.7499556665,
        6.8096115005,
        6.8469975515,
        6.8793221745,
        6.767637893500001,
        6.7640857605,
        6.8503890295000005,
        6.8051305065,
        6.715000804500001,
        6.7716528215,
        6.8642047735,
        6.7817941995
      ],
      "exit_codes": [
        0,
        0,
        0,
        0,
        0,
        0,
        0,
        0,
        0,
        0,
        0,
        0,
        0,
        0,
        0,
        0,
        0,
        0,
        0,
        0,
        0,
        0,
        0,
        0,
        0,
        0,
        0,
        0,
        0,
        0,
        0,
        0,
        0,
        0,
        0,
        0,
        0,
        0,
        0,
        0,
        0,
        0,
        0,
        0,
        0,
        0,
        0,
        0,
        0,
        0,
        0,
        0,
        0,
        0,
        0,
        0,
        0,
        0,
        0,
        0,
        0,
        0,
        0,
        0,
        0,
        0,
        0,
        0,
        0,
        0,
        0,
        0,
        0,
        0,
        0,
        0,
        0,
        0,
        0,
        0,
        0,
        0,
        0,
        0,
        0,
        0,
        0,
        0,
        0,
        0,
        0,
        0,
        0,
        0,
        0,
        0,
        0,
        0,
        0,
        0
      ]
    },
    {
      "command": "./librosie/kjv-librosie run captureAll abram 100",
      "mean": 8.524995693079996,
      "stddev": 0.1703680285564553,
      "median": 8.470475591,
      "user": 8.473902500000003,