{
  "results": [
    {
      "command": "/Users/jennings/Packages/lua-5.4.3/src/lua ./lpeg/kjv-lpeg.lua run captureAll longword 100",
      "mean": 6.4325216763099995,
      "stddev": 0.15434243195095343,
      "median": 6.3857031588,
      "user": 6.396248050000001,
      "system": 0.01770191,
      "min": 6.3626180138,
      "max": 7.3439457418,
      "times": [
        6.4029716658,
        6.3880118308,
        6.4979858918,
        6.4207533938,
        6.3829410318,
        6.3910564508,
        6.4921009338,
        6.3720953358,
        6.4106994857999995,
        6.4431026128,
        6.3845100837999995,
        6.3754172308,
        6.400251186799999,
        6.3785643917999995,
        6.5037285767999995,
        6.3712418157999995,
        6.4112091338,
        6.3980752608,
        6.393028698799999,
        6.380581933799999,
        6.3990933918,
        6.631431033799999,
        6.3940435888,
        6.3913015958,
        6.3856963638,
        6.3889753547999995,
        6.4200622447999995,
        6.377129699799999,
        6.3851742778,
        6.3776572558,
        6.3774261828,
        6.3952767608,
        7.0302455188,
        7.2662940828,
        7.3439457418,
        6.8039007778,
        6.4663041217999995,
        6.3754548587999995,
        6.3759213308,
        6.3752835808,
        6.4169967878,
        6.3819142088,
        6.3852084298,
        6.3841125128,
        6.3816827858,
        6.425690385799999,
        6.3755512708,
        6.3653583688,
        6.372372964799999,
        6.5575724607999994,
        6.3834619117999996,
        6.3695383308,
        6.3829153998,
        6.3885639028,
        6.4112542218,
        6.5422452687999995,
        6.3802263078,
        6.3762262998,
        6.3835554758,
        6.4054784408,
        6.4111199608,
        6.3740895498,
        6.3662692978,
        6.506235836799999,
        6.5164154118,
        6.3776692798,
        6.3757271658,
        6.3777479518,
        6.3776338738,
        6.3722072488,
        6.3859893977999995,
        6.3883197877999995,
        6.3903865068,
        6.5104287158,
        6.3904912627999995,
        6.3748840148,
        6.3822620988,
        6.4060560188,
        6.3810084387999995,
        6.3794939308,
        6.3796300918,
        6.4073499958,
        6.420675612799999,
        6.3839739808,
        6.3670119878,
        6.3815204388,
        6.376487367799999,
        6.3995162348,
        6.3893793198,
        6.3673250318,
        6.3626180138,
        6.4048333108,
        6.4243740148,
        6.3728774787999996,
        6.372272350799999,
        6.6415845288,
        6.3820347698,
        6.3922380968,
        6.3674488548,
        6.3857099538
      ],
      "exit_codes": [
        0,
        0,
        0,
        0,
        0,
        0,
        0,
        0,
        0,
        0,
        0,
        0,
        0,
        0,
        0,
        0,
        0,
        0,
        0,
        0,
        0,
        0,
        0,
        0,
        0,
        0,
        0,
        0,
        0,
        0,
        0,
        0,
        0,
        0,
        0,
        0,
        0,
        0,
        0,
        0,
        0,
        0,
        0,
        0,
        0,
        0,
        0,
        0,
        0,
        0,
        0,
        0,
        0,
        0,
        0,
        0,
        0,
        0,
        0,
        0,
        0,
        0,
        0,
        0,
        0,
        0,
        0,
        0,
        0,
        0,
        0,
        0,
        0,
        0,
        0,
        0,
        0,
        0,
        0,
        0,
        0,
        0,
        0,
        0,
        0,
        0,
        0,
        0,
        0,
        0,
        0,
        0,
        0,
        0,
        0,
        0,
        0,
        0,
        0,
        0
      ]
    },
    {
      "command": "./libpexl/kjv-libpexl run captureAll longword 100",
      "mean": 6.397243900389999,
      "stddev": 0.40824561394030173,
      "median": 6.2117436933,
      "user": 6.31933308,
      "system": 0.028257860000000003,
      "min": 5.9714306578,
      "max": 7.5095918208,
      "times": [
        6.194788367799999,
        6.0361768788,
        6.1498397198,
        5.998967985799999,
        5.9962072338,
        6.1878233098,
        5.9977576277999995,
        6.1247041218,
        5.9714306578,
        5.9984224178,
        6.3269891798,
        5.9917093677999995,
        6.007306488799999,
        5.9862322218,
        5.9951846438,
        6.1564171218,
        6.2521115728,
        6.1828620368,
        5.9844570328,
        6.091863303799999,
        6.1553540538,
        6.1241679578,
        5.9897100878,
        5.9857109958,
        6.0141606368,
        6.1557490088,
        6.2603090128,
        5.9847179888,
        6.2290631988,
        5.9915526478,
        6.0287547598,
        5.9834564328,
        6.134178406799999,
        5.9890841618,
        6.1619833088,
        6.115432557799999,
        6.8163337448,
        6.163570549799999,
        6.0119220027999996,
        6.044730417799999,
        6.5759402108,
        6.0550894198,
        5.9916723058,
        6.1658573917999995,
        6.0402805008,
        6.1285875978,
        6.0493740877999995,
        6.0970960328,
        6.094948555799999,
        6.255034354799999,
        6.177848325799999,
        6.1938071818,
        6.4033563668,
        6.2996097808,
        6.3121163448,
        6.302851073799999,
        6.4623308887999995,
        6.3408176358,
        6.282972872799999,
        6.3799462728,
        6.1924116948,
        6.1623063438,
        6.3584872198,
        6.2943920478,
        6.1828932698,
        6.5317699118,
        6.1698241698,
        6.3855046818,
        6.2160519908,
        6.5189305168,
        6.468976598799999,
        6.2074353958,
        6.3404803458,
        7.0072933688,
        7.2209734828,
        7.0419577628,
        6.9979172628,
        6.8363681468,
        6.8455168058,
        6.9575331088,
        6.869264096799999,
        6.9886497228,
        7.048982426799999,
        6.9173096498,
        6.860302744799999,
        6.7786799928,
        6.8593036808,
        7.0453469928,
        7.223728438799999,
        7.164173218799999,
        7.2942496627999995,
        7.1152963868,
        7.5095918208,
        7.0732246448,
        6.8500807988,
        6.8504819898,
        6.9478214138,
        7.0770234638,
        6.9453116798,
        6.787812661799999
      ],
      "exit_codes": [
        0,
        0,
        0,
        0,
        0,
        0,
        0,
        0,
        0,
        0,
        0,
        0,
        0,
        0,
        0,
        0,
        0,
        0,
        0,
        0,
        0,
        0,
        0,
        0,
        0,
        0,
        0,
        0,
        0,
        0,
        0,
        0,
        0,
        0,
        0,
        0,
        0,
        0,
        0,
        0,
        0,
        0,
        0,
        0,
        0,
        0,
        0,
        0,
        0,
        0,
        0,
        0,
        0,
        0,
        0,
        0,
        0,
        0,
        0,
        0,
        0,
        0,
        0,
        0,
        0,
        0,
        0,
        0,
        0,
        0,
        0,
        0,
        0,
        0,
        0,
        0,
        0,
        0,
        0,
        0,
        0,
        0,
        0,
        0,
        0,
        0,
        0,
        0,
        0,
        0,
        0,
        0,
        0,
        0,
        0,
        0,
        0,
        0,
        0,
        0
      ]
    },
    {
      "command": "./librosie/kjv-librosie run captureAll longword 100",
      "mean": 8.154768533060002,
      "stddev": 0.2836077879246125,
      "median": 8.1341046678,
      "user": 7.981138480000003,
      "system": 0.06166775999999999,
      "min": 7.7063564098,
      "max": 9.2920423378,