{
  "results": [
    {
      "command": "/Users/jennings/Packages/lua-5.4.3/src/lua ./lpeg/kjv-lpeg.lua run captureAll abram 100",
      "mean": 7.454899984259995,
      "stddev": 0.40822566564415935,
      "median": 7.26878802952,
      "user": 7.434878480000001,
      "system": 0.010976960000000003,
      "min": 7.22695566552,
      "max": 8.578646536519999,
      "times": [
        7.2393478265199995,
        7.26852038552,
        8.578646536519999,
        8.28963709052,
        8.36954897852,
        8.27289977952,
        8.29968096652,
        8.33970460852,
        8.299547412519999,
        8.30194300752,
        8.01853545352,
        7.25210245152,
        7.25374566552,
        7.25459336252,
        7.273058993519999,
        7.27261880952,
        7.26493115352,
        7.26953565152,
        7.22695566552,
        7.284133822519999,
        7.26586856752,
        7.27707191652,
        7.26340814052,
        7.26593189652,
        7.26868496952,
        7.3353140335199996,
        7.26774371552,
        7.26889108952,
        7.31028842752,
        7.26412351552,
        7.26304343552,
        7.2346549075199995,
        7.2689451065199995,
        7.27955973852,
        7.26930404552,
        7.3413759575199995,
        7.246575873519999,
        7.25751713552,
        7.24948700752,
        7.25435357052,
        7.2558869355199995,
        7.27081181752,
        7.27896037952,
        7.26285476152,
        7.25936687052,
        7.2674643755199995,
        7.27406659152,
        7.25834780452,
        7.26251157252,
        7.27289743252
      ],
      "exit_codes": [
        0,
        0,
        0,
        0,
        0,
        0,
        0,
        0,
        0,
        0,
        0,
        0,
        0,
        0,
        0,
        0,
        0,
        0,
        0,
        0,
        0,
        0,
        0,
        0,
        0,
        0,
        0,
        0,
        0,
        0,
        0,
        0,
        0,
        0,
        0,
        0,
        0,
        0,
        0,
        0,
        0,
        0,
        0,
        0,
        0,
        0,
        0,
        0,
        0,
        0
      ]
    },
    {
      "command": "./libpexl/kjv-libpexl run captureAll abram 100",
      "mean": 6.774636494960001,
      "stddev": 0.21708347940225006,
      "median": 6.71948795752,
      "user": 6.759246519999998,
      "system": 0.00767204,
      "min": 6.67430129052,
      "max": 7.87304603352,
      "times": [
        6.70582653552,
        6.73129846652,
        6.71302604352,
        6.75990529152,
        6.68292089852,
        6.68683685452,
        6.72965518852,
        6.715714978519999,
        6.68317027952,
        6.70553717752,
        6.7252872325199995,
        6.70632740952,
        6.69900921852,
        6.69837629052,
        6.70370681352,
        6.73148381852,
        6.7317069495199995,
        6.68954153252,
        6.71978626752,
        6.69037258752,
        6.79656062552,
        6.709441100519999,
        6.70967567552,
        6.70047672952,
        6.72862836452,
        6.74187181152,
        6.7405895955199995,
        6.77672127752,
        6.73574742252,
        6.73092670852,
        6.7014302055199995,
        6.72128768052,
        6.71722869352,
        7.40198625552,
        7.87304603352,
        7.50230489152,
        6.7326407245199995,
        6.71444051552,
        6.689228358519999,
        6.69531244652,
        6.67430129052,
        6.7385927925199995,
        6.73624785052,
        6.72665030852,
        6.71510324152,
        6.87111473352,
        6.71537492752,
        6.77809223552,
        6.72812276952,
        6.71918964752
      ],
      "exit_codes": [
        0,
        0,
        0,
        0,
        0,
        0,
        0,
        0,
        0,
        0,
        0,
        0,
        0,
        0,
        0,
        0,
        0,
        0,
        0,
        0,
        0,
        0,
        0,
        0,
        0,
        0,
        0,
        0,
        0,
        0,
        0,
        0,
        0,
        0,
        0,
        0,
        0,
        0,
        0,
        0,
        0,
        0,
        0,
        0,
        0,
        0,
        0,
        0,
        0,
        0
      ]
    },
    {
      "command": "./librosie/kjv-librosie run captureAll abram 100",
      "mean": 8.400921146240002,
      "stddev": 0.01495425735710258,
      "median": 8.397715202019999,
      "user": 8.37588558,
      "system": 0.016754240000000004,
      "min": 8.37810294952,
      "max": 8.44893711152,
      "times": [
        8.40511229452,
        8.40016467152,
        8.38831499952,
        8.40100577452,
        8.40081340152,
        8.38563293752,
        8.406209561519999,
        8.39479039652,
        8.39197877052,
        8.38638419052,
        8.38977240652,
        8.39393441452,
        8.39042347152,
        8.39953031052,
        8.39727265352,
        8.41642706152,
        8.38718793352,
        8.39813650752,
        8.407133654519999,
        8.44893711152,
        8.37810294952,
        8.44572417352,
        8.41347001452,
        8.39090235352,
        8.39072194852,
        8.39856901252,
        8.39765585652,
        8.38270381152,
        8.415626744519999,
        8.42518741852,
        8.39101713152,
        8.40429778752,
        8.38905445952,
        8.38935253352,
        8.39706292952,
        8.42507546052,
        8.40780781552,
        8.39777454752,
        8.38952944252,
        8.38915567852,
        8.39963685152,
        8.39095186052,
        8.387152262519999,
        8.40975251752,
        8.403740708519999,
        8.41529942852,
        8.41835217052,
        8.42800912952,
        8.39211192652,
        8.39309586352
      ],
      "exit_codes": [
        0,
        0,
        0,
        0,
        0,
        0,
        0,
        0,
        0,
        0,
        0,
        0,
        0,
        0,
        0,
        0,
        0,
        0,
        0,
        0,
        0,
        0,
        0,
        0,
        0,
        0,
        0,
        0,
        0,
        0,
        0,
        0,
        0,
        0,
        0,
        0,
        0,
        0,
        0,
        0,
        0,
        0,
        0,
        0,
        0,
        0,
        0,
        0,
        0,
        0
      ]
    }
  ]
}
