{
  "results": [
    {
      "command": "/Users/jennings/Packages/lua-5.4.3/src/lua ./lpeg/kjv-lpeg.lua run captureAll tubalcain 100",
      "mean": 2.1347881171,
      "stddev": 0.0035876366125557964,
      "median": 2.1338709614599995,
      "user": 2.1229974400000002,
      "system": 0.006961219999999998,
      "min": 2.13171349346,
      "max": 2.1518361264599997,
      "times": [
        2.1347478184599997,
        2.13569878046,
        2.13340052646,
        2.13667577446,
        2.1327477244599997,
        2.13181082346,
        2.13517587046,
        2.13640436746,
        2.13819514746,
        2.13590663846,
        2.13298133746,
        2.1324261864599996,
        2.13369930546,
        2.13371214846,
        2.14070267246,
        2.13210540046,
        2.13510327246,
        2.13287094246,
        2.13229891546,
        2.13206936446,
        2.13181746146,
        2.13307019646,
        2.1319886974599997,
        2.1334843814599997,
        2.13171349346,
        2.13176162746,
        2.1344084254599998,
        2.14749488346,
        2.13513417146,
        2.13691103146,
        2.1351097054599997,
        2.13366133046,
        2.13457058146,
        2.1331671914599997,
        2.1328729144599996,
        2.1367200924599996,
        2.13681139246,
        2.13404989446,
        2.13363639646,
        2.13366221246,
        2.1343334874599997,
        2.1518361264599997,
        2.1334500794599998,
        2.1328020954599998,
        2.13447416946,
        2.13433478946,
        2.1344750054599997,
        2.13553240746,
        2.13335882146,
        2.1340297744599996
      ],
      "exit_codes": [
        0,
        0,
        0,
        0,
        0,
        0,
        0,
        0,
        0,
        0,
        0,
        0,
        0,
        0,
        0,
        0,
        0,
        0,
        0,
        0,
        0,
        0,
        0,
        0,
        0,
        0,
        0,
        0,
        0,
        0,
        0,
        0,
        0,
        0,
        0,
        0,
        0,
        0,
        0,
        0,
        0,
        0,
        0,
        0,
        0,
        0,
        0,
        0,
        0,
        0
      ]
    },
    {
      "command": "./libpexl/kjv-libpexl run captureAll tubalcain 100",
      "mean": 2.2856024915599997,
      "stddev": 0.002563244692212225,
      "median": 2.2849982554599997,
      "user": 2.2765753600000007,
      "system": 0.004936440000000001,
      "min": 2.2833042844599998,
      "max": 2.29795943746,
      "times": [
        2.2848365624599998,
        2.28685679646,
        2.28406769446,
        2.2853545084599998,
        2.28442148046,
        2.28558297846,
        2.28335838646,
        2.28516093946,
        2.28383305446,
        2.28846636646,
        2.28848993946,
        2.29391962846,
        2.2840057424599998,
        2.2855240534599996,
        2.28586828146,
        2.29795943746,
        2.28434352246,
        2.28371165646,
        2.2849430154599997,
        2.2846783944599998,
        2.2847702484599997,
        2.28363219846,
        2.2850718034599997,
        2.28434673246,
        2.2852118304599998,
        2.2835970614599996,
        2.28379291746,
        2.2879659964599997,
        2.2845991724599997,
        2.28574262946,
        2.2848936584599997,
        2.28449302146,
        2.28382218846,
        2.28519779246,
        2.2833042844599998,
        2.28665910746,
        2.28965095446,
        2.28676461946,
        2.28435766146,
        2.28408829146,
        2.28550748246,
        2.28681027746,
        2.28578910946,
        2.28464660046,
        2.28467116146,
        2.2854279104599997,
        2.2850534954599997,
        2.2850924454599997,
        2.28581052446,
        2.2839709614599997
      ],
      "exit_codes": [
        0,
        0,
        0,
        0,
        0,
        0,
        0,
        0,
        0,
        0,
        0,
        0,
        0,
        0,
        0,
        0,
        0,
        0,
        0,
        0,
        0,
        0,
        0,
        0,
        0,
        0,
        0,
        0,
        0,
        0,
        0,
        0,
        0,
        0,
        0,
        0,
        0,
        0,
        0,
        0,
        0,
        0,
        0,
        0,
        0,
        0,
        0,
        0,
        0,
        0
      ]
    },
    {
      "command": "./librosie/kjv-librosie run captureAll tubalcain 100",
      "mean": 2.8619610154399995,
      "stddev": 0.007116375890565371,
      "median": 2.86153723696,
      "user": 2.843271919999999,
      "system": 0.013745040000000004,
      "min": 2.84939409446,
      "max": 2.88246402846,
      "times": [
        2.8691419954599997,
        2.86128853346,
        2.85348201946,
        2.86109511346,
        2.8588160334599997,
        2.8599808104599997,
        2.8683314914599998,
        2.85744224746,
        2.86376332946,
        2.85173020146,
        2.87261427746,
        2.85882733346,
        2.85523073346,
        2.8629817164599998,
        2.84939409446,
        2.86203442946,
        2.8556081824599997,
        2.85846980546,
        2.8633313664599997,
        2.85204303646,
        2.8692766334599997,
        2.8694559954599996,
        2.86007566946,
        2.86287206546,
        2.85732790846,
        2.86161124546,
        2.8537654614599997,
        2.8699870174599997,
        2.8627241684599998,
        2.8614912484599997,
        2.86251034546,
        2.87672248646,
        2.86173928246,
        2.88075836246,
        2.86290378146,
        2.85427055046,
        2.8609788904599998,
        2.86142853946,
        2.8544025884599997,
        2.85917546646,
        2.85399954746,
        2.86158322546,
        2.87193002046,
        2.86364935046,
        2.88246402846,
        2.85705100046,
        2.86338335246,
        2.85301337346,
        2.86456291346,
        2.86732950146
      ],
      "exit_codes": [
        0,
        0,
        0,
        0,
        0,
        0,
        0,
        0,
        0,
        0,
        0,
        0,
        0,
        0,
        0,
        0,
        0,
        0,
        0,
        0,
        0,
        0,
        0,
        0,
        0,
        0,
        0,
        0,
        0,
        0,
        0,
        0,
        0,
        0,
        0,
        0,
        0,
        0,
        0,
        0,
        0,
        0,
        0,
        0,
        0,
        0,
        0,
        0,
        0,
        0
      ]
    }
  ]
}
