{
  "results": [
    {
      "command": "/Users/jennings/Packages/lua-5.4.3/src/lua ./lpeg/kjv-lpeg.lua run captureAll longword 100",
      "mean": 6.33885311944,
      "stddev": 0.015208094834408749,
      "median": 6.3338109417199995,
      "user": 6.3207676,
      "system": 0.010306560000000003,
      "min": 6.32288883672,
      "max": 6.409691634720001,
      "times": [
        6.325734289720001,
        6.33357270872,
        6.32854326472,
        6.36074513672,
        6.32962943272,
        6.34576903872,
        6.3482931887200005,
        6.37325227972,
        6.3317806377200005,
        6.34428568772,
        6.32878141572,
        6.33227296072,
        6.35463772672,
        6.32982144572,
        6.32601467972,
        6.33970423772,
        6.36476910972,
        6.34591305172,
        6.33368938072,
        6.33183066972,
        6.33393250272,
        6.32993924472,
        6.3501226737200005,
        6.34089001172,
        6.330062448720001,
        6.33736104772,
        6.33679683072,
        6.3272342767200005,
        6.32516876672,
        6.3377826417200005,
        6.33939183172,
        6.34845204172,
        6.32525120972,
        6.343054775720001,
        6.34861868872,
        6.32946453972,
        6.409691634720001,
        6.32987477272,
        6.334541954720001,
        6.33719985272,
        6.35625953772,
        6.32288883672,
        6.33825911972,
        6.32580298572,
        6.3282096697200005,
        6.350288243720001,
        6.33245617872,
        6.32814407572,
        6.32436237672,
        6.33211285672
      ],
      "exit_codes": [
        0,
        0,
        0,
        0,
        0,
        0,
        0,
        0,
        0,
        0,
        0,
        0,
        0,
        0,
        0,
        0,
        0,
        0,
        0,
        0,
        0,
        0,
        0,
        0,
        0,
        0,
        0,
        0,
        0,
        0,
        0,
        0,
        0,
        0,
        0,
        0,
        0,
        0,
        0,
        0,
        0,
        0,
        0,
        0,
        0,
        0,
        0,
        0,
        0,
        0
      ]
    },
    {
      "command": "./libpexl/kjv-libpexl run captureAll longword 100",
      "mean": 5.987267050060001,
      "stddev": 0.13841335967338605,
      "median": 5.95288312722,
      "user": 5.970588939999999,
      "system": 0.0077201,
      "min": 5.9263007637200005,
      "max": 6.8350606237200005,
      "times": [
        5.96639703372,
        5.97471437072,
        6.00856040572,
        5.9544961797200004,
        5.939022924720001,
        5.95024586672,
        5.96078207472,
        5.93993181172,
        5.9467555477200005,
        5.94203910272,
        6.33259130472,
        5.96158422672,
        6.14810580372,
        6.08669364272,
        5.9651351127200005,
        5.93780633472,
        5.95537895372,
        5.97113825672,
        6.8350606237200005,
        5.96458759572,
        5.93718473972,
        5.96372717672,
        5.96000969172,
        5.937189393720001,
        5.96038469472,
        5.9263007637200005,
        5.93556061672,
        5.9930935747200005,
        5.93057259272,
        5.94405928772,
        5.95998662972,
        5.95926002972,
        5.95127007472,
        5.94910993872,
        5.95033742672,
        5.95742289072,
        5.94899871072,
        5.97425444272,
        5.94184080472,
        5.9457485317200005,
        5.98046082772,
        5.95006267472,
        5.96144088872,
        5.942010117720001,
        5.94682250272,
        5.94800009672,
        5.94237959272,
        6.04208906672,
        5.9487659307200005,
        5.933981618720001
      ],
      "exit_codes": [
        0,
        0,
        0,
        0,
        0,
        0,
        0,
        0,
        0,
        0,
        0,
        0,
        0,
        0,
        0,
        0,
        0,
        0,
        0,
        0,
        0,
        0,
        0,
        0,
        0,
        0,
        0,
        0,
        0,
        0,
        0,
        0,
        0,
        0,
        0,
        0,
        0,
        0,
        0,
        0,
        0,
        0,
        0,
        0,
        0,
        0,
        0,
        0,
        0,
        0
      ]
    },
    {
      "command": "./librosie/kjv-librosie run captureAll longword 100",
      "mean": 7.5458664112200005,
      "stddev": 0.08445440959593306,
      "median": 7.493686821720001,
      "user": 7.52033544,
      "system": 0.017124279999999995,
      "min": 7.46576183572,
      "max": 7.69379575372,
      "times": [
        7.67992568072,
        7.48159647372,
        7.499090965720001,
        7.48444753472,
        7.506686306720001,
        7.67833728872,
        7.66243048472,
        7.4815111967200005,
        7.66322610072,
        7.6642611157200005,
        7.48831377472,
        7.48329379572,
        7.47193619372,
        7.49416787272,
        7.49033042872,
        7.48193530372,
        7.476166274720001,
        7.67231784372,
        7.49436952172,
        7.48335751172,
        7.47560381072,
        7.5171184137200004,
        7.65782679772,
        7.487520007720001,
        7.47527617572,
        7.651947675720001,
        7.49065664772,
        7.48088775272,
        7.47945944672,
        7.55110362672,
        7.68346734972,
        7.594045914720001,
        7.47823121672,
        7.67659189772,
        7.4805819737200006,
        7.48440577972,
        7.65761339172,
        7.69379575372,
        7.49779057872,
        7.50481179072,
        7.668321879720001,
        7.48313989672,
        7.54384504572,
        7.66002217372,
        7.48231150672,
        7.48131806572,
        7.49320577072,
        7.48922516272,
        7.46576183572,
        7.66973155172
      ],
      "exit_codes": [
        0,
        0,
        0,
        0,
        0,
        0,
        0,
        0,
        0,
        0,
        0,
        0,
        0,
        0,
        0,
        0,
        0,
        0,
        0,
        0,
        0,
        0,
        0,
        0,
        0,
        0,
        0,
        0,
        0,
        0,
        0,
        0,
        0,
        0,
        0,
        0,
        0,
        0,
        0,
        0,
        0,
        0,
        0,
        0,
        0,
        0,
        0,
        0,
        0,
        0
      ]
    }
  ]
}
