{
  "results": [
    {
      "command": "/Users/jennings/Packages/lua-5.4.3/src/lua ./lpeg/kjv-lpeg.lua run captureAll abram 100",
      "mean": 11.280036484050004,
      "stddev": 0.4060651901606552,
      "median": 11.2445102016,
      "user": 10.909431049999998,
      "system": 0.03941035000000001,
      "min": 10.6006796971,
      "max": 12.695077601100001,
      "times": [
        11.519849432100001,
        11.2692322501,
        11.4886111741,
        10.8807032571,
        11.9027019381,
        11.3534510501,
        12.1253024001,
        11.2944820491,
        11.2225848011,
        11.0128235121,
        11.1363896931,
        11.183462482100001,
        11.420380423100001,
        10.9705993521,
        11.450318257100001,
        12.1678974551,
        12.4126058091,
        12.695077601100001,
        12.6776953101,
        12.2286824711,
        11.443079264100001,
        11.8206633341,
        10.967565677100001,
        10.7313936231,
        12.258047088100001,
        11.438725423100001,
        11.264508456100002,
        11.7762346901,
        11.031176722100001,
        11.043733602100001,
        10.8297529431,
        11.0695300601,
        10.663867901100001,
        11.0258375741,
        10.799508664100001,
        10.785211439100001,
        10.845242628100001,
        10.6006796971,
        10.8025192351,
        11.2501562341,
        11.127186400100001,
        11.2317531241,
        11.203347176100001,
        11.081378563100001,
        11.0781413801,
        11.053067678100001,
        11.0829583461,
        11.072828342100001,
        11.295590394100001,
        11.9739212971,
        11.1237706691,
        11.098353386100001,
        11.352203990100001,
        11.2470336921,
        11.1058345681,
        11.2953558511,
        10.831488784100001,
        10.6461584991,
        10.6134667041,
        10.6085317871,
        11.1595528281,
        11.241986711100001,
        11.2542907381,
        11.098910423100001,
        11.1938024811,
        11.201523082100001,
        11.2765266661,
        11.1079163541,
        11.2967745711,
        11.267430538100001,
        11.3181126841,
        11.624610031100001,
        11.644861070100001,
        11.7210752251,
        11.248302243100001,
        11.3326415501,
        11.255879380100001,
        11.2660621171,
        11.0587673541,
        10.887021541100001,
        11.1172662331,
        11.6665413631,
        11.0682799181,
        11.017586022100001,
        11.3155275711,
        11.3529377401,
        11.088561996100001,
        11.096928704100002,
        11.064650184100001,
        11.1533601671,
        11.1208502351,
        11.3860621001,
        11.2887040761,
        11.344100946100001,
        11.3909095081,
        11.336974899100001,
        11.459061740100001,
        11.5173026551,
        11.3446063161,
        11.4347328351
      ],
      "exit_codes": [
        0,
        0,
        0,
        0,
        0,
        0,
        0,
        0,
        0,
        0,
        0,
        0,
        0,
        0,
        0,
        0,
        0,
        0,
        0,
        0,
        0,
        0,
        0,
        0,
        0,
        0,
        0,
        0,
        0,
        0,
        0,
        0,
        0,
        0,
        0,
        0,
        0,
        0,
        0,
        0,
        0,
        0,
        0,
        0,
        0,
        0,
        0,
        0,
        0,
        0,
        0,
        0,
        0,
        0,
        0,
        0,
        0,
        0,
        0,
        0,
        0,
        0,
        0,
        0,
        0,
        0,
        0,
        0,
        0,
        0,
        0,
        0,
        0,
        0,
        0,
        0,
        0,
        0,
        0,
        0,
        0,
        0,
        0,
        0,
        0,
        0,
        0,
        0,
        0,
        0,
        0,
        0,
        0,
        0,
        0,
        0,
        0,
        0,
        0,
        0
      ]
    },
    {
      "command": "./libpexl/kjv-libpexl run captureAll abram 100",
      "mean": 10.802522897260005,
      "stddev": 0.30238918703339285,
      "median": 10.776836968600001,
      "user": 10.491537849999997,
      "system": 0.04538676000000001,
      "min": 10.3006892811,
      "max": 12.8252818851,
      "times": [
        10.7593301881,
        10.548803511100001,
        10.936951567100001,
        10.865350410100001,
        10.927639152100001,
        10.763539617100001,
        10.9441469081,
        10.838376767100002,
        10.861354916100002,
        12.8252818851,
        10.826240872100001,
        10.8623024101,
        10.694268557100001,
        10.842489636100002,
        10.7336349391,
        10.758031866100001,
        10.821174626100001,
        10.9513553311,
        10.8045944311,
        10.8315358291,
        11.110595467100001,
        11.038961783100001,
        10.909426485100001,
        10.7449070041,
        10.8778117591,
        10.911984461100001,
        10.808660015100001,
        10.7409324191,
        10.896950159100001,
        11.9975961591,
        10.965611759100002,
        10.932768234100001,
        10.6935540391,
        10.4893472611,
        10.5792805991,
        10.407652219100001,
        10.669241279100001,
        10.5608844131,
        10.8731877331,
        10.7718684581,
        10.7065442491,
        10.440110672100001,
        10.579340741100001,
        10.3006892811,
        10.3513547511,
        10.416118453100001,
        10.4828509771,
        10.7983688001,
        10.6470080731,
        10.8837107701,
        11.083546418100001,
        10.7159749321,
        10.7633438901,
        10.8162203271,
        10.7856995871,
        10.961741446100001,
        10.9840182371,
        10.8017143801,
        11.0354516281,
        10.9971577401,
        10.984264384100001,
        11.1386543971,
        11.203510581100002,
        11.0660617171,
        10.6864476781,
        10.738832119100001,
        10.906570806100001,
        10.7365436381,
        10.5524436061,
        10.708397747100001,
        10.7365648531,
        10.7297659451,
        10.7274517711,
        10.5783237281,
        10.6511615451,
        11.0052846111,
        11.052121467100001,
        11.0225268261,
        10.8244383131,
        10.975963225100001,
        10.8843639891,
        10.7485526681,
        10.841289020100001,
        10.7799306081,
        10.6432180421,
        10.7911984421,
        10.6949217231,
        10.5409291341,
        10.6438773671,
        10.6399263181,
        10.6367259431,
        10.5630617681,
        10.6214382881,
        10.4052531271,
        10.7737433291,
        10.929457174100001,
        10.579148599100002,
        10.4555670221,
        10.3997155191,
        10.7260522041
      ],