{
  "results": [
    {
      "command": "/Users/jennings/Packages/lua-5.4.3/src/lua ./lpeg/kjv-lpeg.lua run captureAll longword 100",
      "mean": 10.91979982397,
      "stddev": 2.034760310680244,
      "median": 10.34949202466,
      "user": 10.521691360000007,
      "system": 0.036793299999999994,
      "min": 10.08614119416,
      "max": 21.61822148116,
      "times": [
        10.21899215616,
        10.33017775716,
        10.41677752016,
        10.38471712716,
        10.309197405159999,
        10.41351006616,
        10.08614119416,
        10.41883272516,
        10.31324720816,
        10.29737222616,
        10.29613103416,
        10.47593771016,
        10.37405255316,
        10.34162924316,
        10.32849199916,
        10.35257402016,
        10.34579041816,
        10.28801163716,
        10.336019479159999,
        10.22081115016,
        10.41845845216,
        10.23820407216,
        10.28672539616,
        10.48785546716,
        10.18253345216,
        10.29078249616,
        10.389739969159999,
        10.21160752716,
        10.22400962016,
        10.30716988516,
        10.37014878416,
        10.303042916159999,
        10.27932373116,
        10.247273247159999,
        10.322504005159999,
        10.35222854116,
        10.28822701216,
        10.25508555916,
        10.36028602216,
        10.24573269116,
        10.294482605159999,
        10.26406378416,
        10.35729388816,
        10.44514263816,
        10.34907982116,
        10.28840190616,
        10.22309523416,
        10.374477345159999,
        10.46928182116,
        10.35972249616,
        10.35810403716,
        10.361390953159999,
        10.26179172316,
        10.37200154016,
        10.52710728016,
        10.25431103916,
        10.37167081016,
        10.44137382816,
        10.277348504159999,
        10.36802784416,
        10.38419029216,
        10.37545711216,
        10.26923041116,
        10.15817104816,
        10.30218547816,
        10.28837985516,
        10.31571708816,
        10.39644815516,
        10.39325092316,
        10.23472209716,
        10.410086185159999,
        10.28836574316,
        10.24193229216,
        10.31631364116,
        10.30482357116,
        10.25913899816,
        10.29534048616,
        10.401809911159999,
        10.32593901816,
        10.353754928159999,
        10.38004581116,
        10.18808948916,
        10.44775623016,
        10.34990422816,
        10.22323259016,
        10.39782138816,
        10.37823920016,
        10.40170826516,
        10.37198102916,
        10.49507299916,
        10.53667398716,
        12.42633297316,
        16.44586562016,
        17.28562934016,
        14.32848259116,
        19.353614790159998,
        17.47329496916,
        15.31002473416,
        21.61822148116,
        17.62521086816
      ],
      "exit_codes": [
        0,
        0,
        0,
        0,
        0,
        0,
        0,
        0,
        0,
        0,
        0,
        0,
        0,
        0,
        0,
        0,
        0,
        0,
        0,
        0,
        0,
        0,
        0,
        0,
        0,
        0,
        0,
        0,
        0,
        0,
        0,
        0,
        0,
        0,
        0,
        0,
        0,
        0,
        0,
        0,
        0,
        0,
        0,
        0,
        0,
        0,
        0,
        0,
        0,
        0,
        0,
        0,
        0,
        0,
        0,
        0,
        0,
        0,
        0,
        0,
        0,
        0,
        0,
        0,
        0,
        0,
        0,
        0,
        0,
        0,
        0,
        0,
        0,
        0,
        0,
        0,
        0,
        0,
        0,
        0,
        0,
        0,
        0,
        0,
        0,
        0,
        0,
        0,
        0,
        0,
        0,
        0,
        0,
        0,
        0,
        0,
        0,
        0,
        0,
        0
      ]
    }
  ]
}

